id;filename;filepath;encoded_filename;created_by;last_modified_by
1;testfile1;testfile1.txt;encoded_filename1.txt;admin;admin
2;testfile2;testfile2.txt;encoded_filename2.txt;admin;admin
3;testfile3;testfile3.txt;encoded_filename3.txt;admin;admin
4;testfile4;testfile4.txt;encoded_filename4.txt;admin;admin
5;testfile5;testfile5.txt;encoded_filename5.txt;admin;admin
6;testfile6;testfile6.txt;encoded_filename6.txt;admin;admin
7;testfile7;testfile7.txt;encoded_filename7.txt;admin;admin
8;testfile8;testfile8.txt;encoded_filename8.txt;admin;admin
9;testfile9;testfile9.txt;encoded_filename9.txt;admin;admin
10;testfile10;testfile10.txt;encoded_filename10.txt;admin;admin

